First Name, Last Name, Middle Initial
Michael, Jackson, B.
First Name, Last Name, Middle Initial
Michael, Jackson, B.
First Name, Last Name, Middle Initial
Michael, Jackson, B.
First Name, Last Name, Middle Initial
Michael, Jackson, B.
First Name, Last Name, Middle Initial
Michael, Jackson, B.
First Name, Last Name, Middle Initial
Michael, Jackson, B.
First Name, Last Name, Middle Initial
Michael, Jackson, B.
First Name, Last Name, Middle Initial
Michael, Jackson, B.
First Name, Last Name, Middle Initial
Michael, Jackson, B.
First Name, Last Name, Middle Initial
Michael, Jackson, B.
First Name, Last Name, Middle Initial
Michael, Jackson, B.
First Name, Last Name, Middle Initial
Michael, Jackson, B.
First Name, Last Name, Middle Initial
Michael, Jackson, B.
First Name, Last Name, Middle Initial
Michael, Jackson, B.
First Name, Last Name, Middle Initial
Michael, Jackson, B.
First Name, Last Name, Middle Initial
Michael, Jackson, B.
